主播ID,主播暱稱,官簽/經紀公司,負責經紀,合約開始,合約結束,時段一收到鑽石數,月均收益(校正),月均收益,"1,2月均時",收益/時,時/天,1月開播天數,1月開播時數,2月開播天數,2月開播時數,高收高時,高收低時,低收高時,低收低時,導師,身分,備註
1002482,麗絲Liz👑收星浪,大夏娛樂有限公司,monica,11/1/2025,10/31/2030,"54,095,207","9,015,868",9015868 ,42.30 ,"213,166.28 ",1.43 ,31,45.5,28,39.09,,,,,"9,015,868",導師,
1042425,🐕阿俗ASONG🐾,TW.浪Live.二組,feng,8/1/2021,7/31/2026,"3,761,802","626,967",626967 ,56.18 ,"11,160.96 ",2.50 ,26,64.14,19,48.21,"626,967",,,,,,
1096563,講薑🫚月底加油💓,TW.浪Live.二組,feng,5/1/2023,4/30/2027,"4,021,462","670,244",670244 ,26.11 ,"25,674.92 ",1.68 ,15,19.99,16,32.22,,"670,244",,,,,
1148928,🎂唯歆星浪謝謝💘😈,TW.浪Live.一組,ZhangDunShuo,7/1/2024,8/31/2026,"9,646,046","1,607,674",1607674 ,64.88 ,"24,781.11 ",3.93 ,18,77.1,15,52.65,"1,607,674",,,,,,
1175446,早安主播❤️辰羚,TW.浪Live.二組,monica,4/1/2021,3/31/2026,"2,086,850","347,808",347808 ,33.78 ,"10,296.28 ",1.30 ,28,36.07,24,31.49,,,,"347,808",,,
1198927,EE,TW.浪Live.一組,ZhenHuiJing,12/1/2018,8/31/2026,"10,302,273","1,717,046",1717046 ,67.23 ,"25,539.87 ",3.28 ,21,72.1,20,62.36,"1,717,046",,,,,,
1203949,❤🖕莉莉,是妍文藝音樂工作室,ZhangDunShuo,3/1/2023,8/31/2026,"15,788,374","2,631,396",2631396 ,22.39 ,"117,525.49 ",1.44 ,16,23.1,15,21.68,,,,,"2,631,396",導師,
1212920,綠龍,TW.浪Live.一組,Mason,4/1/2022,8/31/2027,"4,867,895","811,316",811316 ,46.84 ,"17,321.00 ",1.87 ,25,42.36,25,51.32,"811,316",,,,,,
1252194,🪩小媗妮✨🤍,TW.浪Live.二組,monica,10/1/2017,8/31/2026,"8,787,327","1,464,555",1464555 ,44.04 ,"33,258.87 ",1.55 ,31,46.6,26,41.47,"1,464,555",,,,,,
1253945,🐻婷兒🍒㏺㍮顏值公演,TW.浪Live.一組,Mason,7/1/2021,6/30/2027,"8,585,010","1,430,835",1430835 ,21.98 ,"65,097.13 ",2.20 ,0,0,20,43.96,,"1,430,835",,,,,
1265504,💘小寶💘LH感恩支持,TW.浪Live.二組,PengZhenYuan,4/1/2017,3/31/2027,"5,201,418","866,903",866903 ,135.53 ,"6,396.63 ",4.59 ,31,159.52,28,111.53,"866,903",,,,,,
1273581,🎀姿吟🎀,TW.浪Live.二組,monica,6/13/2019,8/31/2026,"8,811,279","1,468,547",1468547 ,33.81 ,"43,441.70 ",1.30 ,27,35.82,25,31.79,,"1,468,547",,,,,
1343712,3月加油🐷🍰思思💍,TW.浪Live.二組,feng,11/5/2018,11/30/2026,"4,038,169","673,028",673028 ,81.02 ,"8,306.94 ",3.12 ,27,87.46,25,74.58,"673,028",,,,,,
1364340,👊放不進去✌️千面面,TW.浪Live.二組,feng,11/1/2017,8/31/2026,"5,563,976","927,329",927329 ,35.26 ,"26,303.48 ",1.72 ,20,35.76,21,34.75,,"927,329",,,,,
1368266,休💯劉學甫🐌,TW.浪Live.二組,feng,9/1/2020,8/31/2026,"309,660","51,610",51610 ,0.00 ,0.00 ,0.00 ,0,0,0,0,,,,,"51,610",導師,
1437968,🎨愛玩藝手作🖌菘子,TW.浪Live.一組,ZhenHuiJing,12/14/2017,8/31/2026,"1,807,977","301,330",301330 ,44.62 ,"6,754.00 ",1.51 ,31,46.29,28,42.94,,,"301,330",,,,
1451157,努力加油💙你の璇璇🐶,TW.浪Live.二組,feng,4/1/2023,3/31/2027,"3,284,390","547,398",547398 ,76.97 ,"7,112.30 ",3.14 ,28,85.18,21,68.75,,,"547,398",,,,
1468670,剩任務功能✨仁✨之✨粗✨,TW.浪Live.二組,PengZhenYuan,4/15/2019,4/30/2027,"177,693","29,616",29616 ,29.06 ,"1,019.29 ",2.00 ,1,1.13,28,56.98,,,,"29,616",,,回歸主播
1522664,㏸㍮㉚公演🫧小波🧋,TW.浪Live.二組,feng,10/1/2025,9/30/2026,"895,199","179,040",149200 ,33.27 ,"5,382.23 ",2.02 ,17,35.16,16,31.37,,,,"179,040",,現導生制學員,
1539895,業績救命啊🥺妤妤🐳,TW.浪Live.二組,monica,1/12/2019,1/31/2027,"1,329,927","221,655",221655 ,61.99 ,"3,575.65 ",2.82 ,24,72.46,20,51.52,,,"221,655",,,,
1581660,全糖熊熊🧸,TW.浪Live.二組,XuYaHui,10/1/2024,9/30/2026,"3,040,774","506,796",506796 ,40.00 ,"12,669.89 ",1.95 ,22,43.97,19,36.03,,,"506,796",,,現導生制學員,
1587387,海派主播💫貝爺💫,TW.浪Live.二組,XuYaHui,12/1/2019,8/31/2026,"6,576,812","1,096,135",1096135 ,52.07 ,"21,051.19 ",2.08 ,25,48.59,25,55.55,"1,096,135",,,,,,
1628258,紫紫ღ牡羊開跑ing💜,TW.浪Live.二組,monica,4/10/2019,8/31/2026,"7,992,856","1,332,143",1332143 ,81.72 ,"16,302.30 ",3.03 ,28,95.34,26,68.09,"1,332,143",,,,,,
1645914,✌🏻YA爺爺來了😎,TW.浪Live.一組,ZhenHuiJing,3/13/2024,3/31/2027,"3,964,181","660,697",660697 ,70.17 ,"9,415.66 ",2.65 ,26,73.9,27,66.44,"660,697",,,,,現導生制學員,
1689068,張心璇❤️,TW.浪Live.二組,feng,1/1/2021,12/31/2026,"3,790,130","631,688",631688 ,36.20 ,"17,449.95 ",1.86 ,20,36.63,19,35.77,,"631,688",,,,,
1690340,汎汎🍙今LH收牡羊🥹,TW.浪Live.二組,monica,8/1/2021,7/31/2026,"3,666,237","611,040",611040 ,85.61 ,"7,137.89 ",3.42 ,28,96.62,22,74.59,"611,040",,,,,,
1724980,藹蔚26號2115Lh,TW.浪Live.二組,feng,6/1/2018,8/31/2026,"10,623,891","1,770,649",1770649 ,22.59 ,"78,399.31 ",2.26 ,0,0,20,45.17,,"1,770,649",,,,,
1744083,💦淼淼🐬🖤,TW.浪Live.二組,monica,3/1/2024,8/31/2026,"10,088,299","1,681,383",1681383 ,89.81 ,"18,721.56 ",3.99 ,26,100.36,19,79.26,"1,681,383",,,,,,
1839607,🍬謝謝你們😭瑜兒💗,TW.浪Live.一組,ZhenHuiJing,3/15/2018,8/31/2026,"10,987,090","1,831,182",1831182 ,74.73 ,"24,505.61 ",2.77 ,27,75.86,27,73.59,"1,831,182",,,,,,
1842856,✨🍎波妞🍎✨,TW.浪Live.一組,Sunny,7/1/2022,6/30/2027,"5,016,415","836,069",836069 ,94.33 ,"8,863.71 ",3.25 ,30,103.17,28,85.48,"836,069",,,,,,
1862515,🐈綾綾🐈休,TW.浪Live.一組,ZhenHuiJing,5/1/2018,8/31/2027,"11,581,577","1,930,263",1930263 ,81.21 ,"23,770.25 ",3.53 ,26,94.98,20,67.43,"1,930,263",,,,,,
1890951,平安健康✨玖萱🎄,TW.浪Live.一組,ZhenHuiJing,2/4/2024,2/28/2027,"4,195,695","699,283",699283 ,35.10 ,"19,922.58 ",2.19 ,16,33.18,16,37.02,,"699,283",,,,,
1986697,允禎💗,TW.浪Live.二組,PengZhenYuan,5/1/2019,8/31/2026,"2,671,065","445,178",445178 ,46.04 ,"9,669.36 ",3.07 ,15,44.37,15,47.71,,,"445,178",,,,
2007224,🌸優倪🕊,TW.浪Live.二組,XuYaHui,5/1/2019,6/30/2026,"5,390,286","898,381",898381 ,45.97 ,"19,542.77 ",2.63 ,19,47.41,16,44.53,"898,381",,,,,,
2059580,三月好香蜜儿lily🍯,TW.浪Live.二組,monica,1/1/2020,8/31/2026,"1,675,514","279,252",279252 ,44.20 ,"6,318.64 ",2.39 ,18,44.18,19,44.21,,,"279,252",,,,
2094323,您的寶貝上線囉❤️寶貝樂,TW.浪Live.二組,feng,11/1/2020,10/31/2026,"145,649","24,275",24275 ,33.47 ,725.27 ,1.13 ,31,33.13,28,33.81,,,,"24,275",,,
2190058,感谢公演💯🎉🎙洛熙,TW.浪Live.二組,XuYaHui,8/15/2019,8/31/2026,"6,316,735","1,052,789",1052789 ,113.04 ,"9,313.42 ",4.43 ,23,86.39,28,139.69,"1,052,789",,,,,,
2234815,麻糬🍥業績加加油✨,TW.浪Live.一組,neil,12/1/2020,11/30/2026,"2,220,226","370,038",370038 ,37.97 ,"9,746.81 ",1.31 ,30,39.52,28,36.41,,,,"370,038",,,
2452817,晞晞🐻‍❄休一天,TW.浪Live.一組,FangJunQing,5/8/2021,5/31/2027,"4,079,421","679,904",679904 ,45.67 ,"14,888.94 ",1.66 ,27,39.54,28,51.79,"679,904",,,,,,
2460217,3月加油🖤胖達🐼,TW.浪Live.二組,monica,9/7/2025,9/30/2026,"2,023,774","337,296",337296 ,66.87 ,"5,044.43 ",3.11 ,26,101.65,17,32.08,,,"337,296",,,現導生制學員,
2619904,🐿妮蔻🌹,TW.浪Live.一組,Mason,12/1/2025,11/30/2026,"2,037,825","679,275",339638 ,45.65 ,"14,880.07 ",1.83 ,25,47.21,25,44.09,"679,275",,,,,,
2725104,🧧三月湘湘🎙,TW.浪Live.一組,ZhenHuiJing,6/1/2022,5/31/2027,"3,547,839","591,307",591307 ,46.80 ,"12,636.10 ",2.67 ,18,42.61,17,50.98,,,"591,307",,,,
2756460,公演跪謝🙇🌷羽忻🪶,TW.浪Live.二組,feng,2/1/2026,1/31/2027,"1,433,990","1,433,990",238998 ,33.09 ,"43,342.60 ",2.45 ,0,0,27,66.17,,"1,433,990",,,,現導生制學員,
2873054,🌸宝宝Uni_制服周~,TW.浪Live.一組,ZhangDunShuo,9/7/2019,9/30/2026,"7,521,516","1,253,586",1253586 ,143.32 ,"8,747.07 ",5.03 ,31,175.96,26,110.67,"1,253,586",,,,,,
2921848,加油🧸Cindy🍰,TW.浪Live.一組,Sunny,2/1/2023,1/31/2027,"6,434,229","1,072,372",1072372 ,41.55 ,"25,809.18 ",2.13 ,23,49.42,16,33.68,"1,072,372",,,,,,
3012449,藝恩🐤,TW.浪Live.二組,monica,11/1/2021,5/31/2026,"3,794,387","632,398",632398 ,99.94 ,"6,327.77 ",3.92 ,29,124.78,22,75.1,"632,398",,,,,,
3091230,SAM🦁山姆,TW.浪Live.二組,monica,8/1/2025,7/31/2026,"1,093,818","182,303",182303 ,30.40 ,"5,997.80 ",1.22 ,25,30.33,25,30.46,,,,"182,303",,,
3176412,31日LH🌸瑀洛🐭,TW.浪Live.二組,feng,5/1/2025,4/30/2027,"1,376,052","229,342",229342 ,35.66 ,"6,431.35 ",1.62 ,24,35.97,20,35.35,,,,"229,342",,現導生制學員,
3194331,🎤湘甜🍬,TW.浪Live.一組,ZhenHuiJing,4/1/2023,3/31/2027,"863,522","143,920",143920 ,46.17 ,"3,117.18 ",2.25 ,23,49.12,18,43.22,,,"143,920",,,現導生制學員,
3225690,27日十點LH☁昀青🐛,TW.浪Live.一組,FangJunQing,11/1/2019,8/31/2026,"8,067,672","1,344,612",1344612 ,48.90 ,"27,497.18 ",2.22 ,24,53.56,20,44.24,"1,344,612",,,,,,
3681408,🥭希希🥛忙休,TW.浪Live.一組,ZhenHuiJing,5/1/2024,4/30/2027,"7,790,381","1,298,397",1298397 ,52.43 ,"24,766.75 ",2.56 ,22,62.25,19,42.6,"1,298,397",,,,,,
3725608,又又🧸2026萌新主播,TW.浪Live.二組,PengZhenYuan,1/1/2026,12/31/2026,"2,172,791","1,086,396",362132 ,41.21 ,"26,365.62 ",1.65 ,25,41.31,25,41.1,"1,086,396",,,,,,
3733093,🦄占卜師小雪花❄,TW.浪Live.二組,monica,1/1/2020,8/31/2027,"1,518,910","253,152",253152 ,39.22 ,"6,455.48 ",1.54 ,25,40.98,26,37.45,,,,"253,152",,,
3756764,🍒暖暖醬✨,TW.浪Live.二組,XuYaHui,12/1/2024,11/30/2026,"4,051,881","675,314",675314 ,70.29 ,"9,608.22 ",2.65 ,26,54.45,27,86.12,"675,314",,,,,,
3781564,🦄奈寶🌈HELP,TW.浪Live.二組,monica,2/14/2021,2/28/2027,"3,084,627","514,105",514105 ,83.57 ,"6,151.78 ",3.15 ,26,82.06,27,85.08,,,"514,105",,,,
3783260,👶霓🍼,TW.浪Live.二組,monica,6/15/2019,1/31/2027,"3,483,250","580,542",580542 ,55.03 ,"10,549.55 ",2.25 ,25,58.78,24,51.28,,,"580,542",,,,
3785024,🌼晨熙🐋生日倒數,TW.浪Live.一組,FangJunQing,12/1/2019,8/31/2026,"4,366,689","727,782",727782 ,70.60 ,"10,309.25 ",2.39 ,31,73.39,28,67.8,"727,782",,,,,,
3806761,🎙💃蘿倫🍪,TW.浪Live.一組,neil,4/1/2020,7/31/2026,"9,051,526","1,508,588",1508588 ,89.08 ,"16,936.15 ",3.02 ,31,102.75,28,75.4,"1,508,588",,,,,,
3806761,🎙💃蘿倫🍪,TW.浪Live.一組,neil,4/1/2020,7/31/2026,"9,051,526","1,508,588",1508588 ,89.08 ,"16,936.15 ",3.02 ,31,102.75,28,75.4,,,,,"1,508,588",導師,
3876235,是潔潔呀🧚🏻‍♀,TW.浪Live.一組,ZhenHuiJing,8/1/2022,7/31/2026,"1,404,846","234,141",234141 ,65.94 ,"3,550.82 ",3.30 ,28,95.5,12,36.38,,,"234,141",,,,
3997930,巧克力🍫大感謝ღ波波✨,TW.浪Live.二組,XuYaHui,7/1/2024,5/31/2027,"2,174,186","362,364",362364 ,45.03 ,"8,048.07 ",2.00 ,26,50.92,19,39.13,,,"362,364",,,現導生制學員,
4023822,🐨୨୧倩倩🍦,TW.浪Live.二組,XuYaHui,10/1/2025,9/30/2026,"4,112,713","1,028,178",685452 ,32.98 ,"31,180.54 ",1.88 ,16,25.92,19,40.03,,"1,028,178",,,,,
4073952,✨休息兩天🍒151🍒,TW.浪Live.一組,FangJunQing,9/1/2023,8/31/2026,"7,799,507","1,299,918",1299918 ,58.50 ,"22,220.82 ",2.34 ,25,36.39,25,80.61,"1,299,918",,,,,,
4075296,🩵是～麻吉雅雅🇸🇪,TW.浪Live.二組,XuYaHui,10/9/2019,8/31/2026,"5,091,544","848,591",848591 ,28.23 ,"30,065.21 ",1.71 ,15,23.97,18,32.48,,"848,591",,,,,
4122906,可比💖謝謝公演,TW.浪Live.一組,ZhenHuiJing,1/1/2026,12/31/2026,"1,459,945","729,973",243324 ,101.14 ,"7,217.45 ",3.68 ,27,94.47,28,107.81,"729,973",,,,,,
4123456,雙魚座の欸冷🌵,TW.浪Live.一組,ZhangDunShuo,5/1/2025,4/30/2027,"1,985,119","330,853",330853 ,32.99 ,"10,030.41 ",1.32 ,25,35.19,25,30.78,,,,"330,853",,,
4167684,嘉和 Willian🩶,TW.浪Live.二組,feng,9/1/2025,8/31/2026,"1,935,378","322,563",322563 ,90.55 ,"3,562.26 ",3.35 ,29,97.09,25,84.01,,,"322,563",,,,
4211283,🌊衝衝星光🌊甫甫,TW.浪Live.一組,ZhenHuiJing,9/1/2021,8/31/2026,"8,082,003","1,347,001",1347001 ,120.91 ,"11,140.52 ",4.24 ,30,109.52,27,132.3,"1,347,001",,,,,,
4221777,🎀太后駕到🎀,TW.浪Live.二組,monica,5/5/2022,5/31/2027,"4,601,269","766,878",766878 ,44.81 ,"17,115.91 ",1.91 ,26,49.24,21,40.37,"766,878",,,,,,
4245013,一朵小桑桑🥑,TW.浪Live.一組,neil,7/1/2020,8/31/2026,"6,386,845","1,064,474",1064474 ,42.22 ,"25,215.54 ",2.28 ,16,32.4,21,52.03,"1,064,474",,,,,,
4274339,若潔Jaycee🌙,TW.浪Live.二組,feng,9/1/2022,8/31/2026,"6,205,297","1,034,216",1034216 ,51.33 ,"20,148.38 ",2.57 ,25,57.22,15,45.44,"1,034,216",,,,,,
4450423,阿妮修理一下自己,TW.浪Live.二組,monica,10/1/2024,9/30/2026,"6,223,699","1,037,283",1037283 ,111.14 ,"9,333.12 ",4.54 ,27,130.06,22,92.22,"1,037,283",,,,,,
4489567,🧘‍♀️允曦🍒,TW.浪Live.一組,Sunny,2/1/2024,1/31/2027,"7,629,293","1,271,549",1271549 ,16.06 ,"79,174.90 ",2.14 ,0,0,15,32.12,,"1,271,549",,,,,
4541671,🦁獅獅🐑,TW.浪Live.一組,neil,8/1/2020,8/31/2026,"9,331,577","1,555,263",1555263 ,73.40 ,"21,188.87 ",3.12 ,25,83.29,22,63.51,"1,555,263",,,,,,
4744757,簡亞當☻ig貼文有內幕,TW.浪Live.二組,monica,6/1/2023,5/31/2026,"1,558,222","259,704",259704 ,64.51 ,"4,026.10 ",2.48 ,28,85.79,24,43.22,,,"259,704",,,,
4748055,茜穎🌙,TW.浪Live.一組,FangJunQing,3/10/2020,8/31/2026,"4,804,102","800,684",800684 ,22.93 ,"34,918.61 ",2.70 ,2,4.71,15,41.15,,"800,684",,,,,
4764576,羽橙🌻25上課休🦁,TW.浪Live.一組,neil,4/1/2024,3/31/2027,"10,705,389","1,784,232",1784232 ,51.14 ,"34,892.57 ",2.62 ,21,60.78,18,41.49,"1,784,232",,,,,,
4772947,✨恩恩于你💗謝謝😭,TW.浪Live.一組,ZhenHuiJing,4/1/2020,3/31/2028,"7,551,083","1,258,514",1258514 ,83.28 ,"15,112.74 ",3.27 ,27,93.12,24,73.43,"1,258,514",,,,,,
4825298,咖咖兒🌺9：00開,TW.浪Live.二組,feng,5/5/2020,5/31/2026,"3,116,650","519,442",519442 ,45.77 ,"11,350.19 ",1.76 ,28,52.23,24,39.3,,,"519,442",,,,
4939906,可愛的貓頭鷹❤2鴨ᩚ,TW.浪Live.一組,neil,7/13/2020,7/31/2026,"9,200,261","1,533,377",1533377 ,91.42 ,"16,772.88 ",3.39 ,29,87.06,25,95.78,"1,533,377",,,,,,
5038459,感謝星浪成功💖芯縈💖,TW.浪Live.一組,FangJunQing,6/1/2023,5/31/2027,"6,268,892","1,044,815",1044815 ,141.51 ,"7,383.33 ",4.80 ,31,147.38,28,135.64,"1,044,815",,,,,現導生制學員,
5074300,🐼柔柔同學🖤,TW.浪Live.一組,ZhenHuiJing,4/1/2023,3/31/2027,"6,182,627","1,030,438",1030438 ,92.09 ,"11,190.07 ",4.28 ,23,95.78,20,88.39,"1,030,438",,,,,現導生制學員,
5078591,🍠三爪四2245LH,TW.浪Live.一組,neil,12/1/2023,11/30/2026,"2,803,069","467,178",467178 ,61.80 ,"7,560.13 ",2.52 ,27,71.81,22,51.78,,,"467,178",,,,
5132736,莎莎巴西美人,TW.浪Live.二組,XuYaHui,1/5/2026,1/31/2027,"267,624","133,812",44604 ,94.56 ,"1,415.10 ",4.20 ,23,93.93,22,95.19,,,"133,812",,,,
5167671,幸運のNeko⚡,TW.浪Live.二組,monica,4/1/2025,3/31/2027,"6,545,453","1,090,909",1090909 ,47.60 ,"22,918.25 ",1.83 ,27,45.14,25,50.06,"1,090,909",,,,,,
5174589,🦊♠楚軒🩵,TW.浪Live.二組,monica,10/1/2023,9/30/2026,"6,020,630","1,003,438",1003438 ,55.40 ,"18,114.24 ",2.46 ,21,45.26,24,65.53,"1,003,438",,,,,,
5178919,🫧子妮🍯星光加油,TW.浪Live.二組,monica,9/13/2021,9/30/2026,"5,599,352","933,225",933225 ,93.61 ,"9,969.82 ",3.60 ,26,78.71,26,108.5,"933,225",,,,,,
5195568,⚜米利亞⚜每天見♥,靚聲音樂工作室,FangJunQing,2/1/2021,12/31/2027,"53,611,909","8,935,318",8935318 ,72.73 ,"122,856.02 ",2.55 ,29,70.81,28,74.65,,,,,"8,935,318",導師,
5255811,🐰心心💕,TW.浪Live.一組,ZhenHuiJing,5/1/2021,4/30/2026,"6,997,176","1,166,196",1166196 ,49.55 ,"23,538.12 ",2.54 ,22,59.79,17,39.3,"1,166,196",,,,,,
5277018,🌸娜娜兒🌸4月見💋,TW.浪Live.一組,ZhangDunShuo,12/1/2021,11/30/2026,"10,105,683","1,684,281",1684281 ,42.39 ,"39,732.97 ",2.07 ,19,40.41,22,44.37,"1,684,281",,,,,,
5303101,📯文文🌸ෆ-25w,TW.浪Live.一組,Sunny,6/1/2022,5/31/2027,"3,053,366","508,894",508894 ,32.13 ,"15,841.07 ",1.74 ,20,33.65,17,30.6,,,,"508,894",,,
5313121,是否在雪山上救過一隻狐狸,TW.浪Live.二組,XuYaHui,7/1/2022,6/30/2026,"5,014,548","835,758",835758 ,40.03 ,"20,880.90 ",2.11 ,18,37.04,20,43.01,"835,758",,,,,,
5318962,🤍小Y🐈要畢業啦🎓,TW.浪Live.二組,XuYaHui,7/1/2023,8/31/2026,"1,655,203","275,867",275867 ,29.48 ,"9,357.77 ",1.97 ,15,28.12,15,30.84,,,,"275,867",,,
5367418,㏺㍭㊺公演👑奈美₈₇,TW.浪Live.二組,PengZhenYuan,12/1/2023,11/30/2026,"3,590,423","598,404",598404 ,45.83 ,"13,058.46 ",1.91 ,23,42.93,25,48.72,,,"598,404",,,現導生制學員,
5385436,經痛休一天💋妃妃,TW.浪Live.二組,feng,10/7/2022,10/31/2026,"2,723,351","453,892",453892 ,38.60 ,"11,758.86 ",2.03 ,22,44.64,16,32.56,,,,"453,892",,,
5404390,🪩苔苔🪽3月加油,TW.浪Live.一組,neil,8/1/2021,7/31/2026,"5,141,751","856,959",856959 ,61.55 ,"13,924.10 ",2.80 ,26,76.15,18,46.94,"856,959",,,,,,
5477468,阿粉的小妖精🪻優衣🐷,TW.浪Live.二組,XuYaHui,1/1/2025,12/31/2026,"3,887,092","647,849",647849 ,57.82 ,"11,205.55 ",2.22 ,27,67.75,25,47.88,"647,849",,,,,,
5482782,🥃914♡捷運拍照日～,TW.浪Live.一組,ZhangDunShuo,10/6/2021,12/31/2026,"4,613,285","768,881",768881 ,60.59 ,"12,690.94 ",3.46 ,15,55.27,20,65.9,"768,881",,,,,,
5486944,🦋欣妍⁶⁶⁸,TW.浪Live.二組,feng,1/1/2026,12/31/2026,"4,327,829","2,163,915",721305 ,58.95 ,"36,707.63 ",2.68 ,23,63.45,21,54.45,"2,163,915",,,,,現導生制學員,
5498993,曉樂C💛,TW.浪Live.二組,feng,7/1/2024,9/30/2026,"443,490","73,915",73915 ,34.17 ,"2,163.47 ",1.16 ,31,35.41,28,32.92,,,,"73,915",,,
5510201,機場那位✈️李里昂,TW.浪Live.二組,XuYaHui,11/1/2024,5/31/2027,"2,521,803","420,301",420301 ,40.76 ,"10,312.86 ",1.38 ,31,41.51,28,40,,,"420,301",,,現導生制學員,
5523913,冰冰💜BingBing,TW.浪Live.一組,ZhenHuiJing,10/1/2025,3/31/2027,"10,762,502","2,152,500",1793750 ,55.45 ,"38,818.76 ",3.08 ,20,62.02,16,48.88,"2,152,500",,,,,,
5525368,菜🍀,TW.浪Live.一組,ZhenHuiJing,12/1/2021,11/30/2026,"7,642,634","1,273,772",1273772 ,121.41 ,"10,491.49 ",4.50 ,28,130.51,26,112.31,"1,273,772",,,,,,
5532040,💛賢賢兒🌟11.半見,TW.浪Live.一組,ZhangDunShuo,11/7/2021,11/30/2026,"16,568","2,761",2761 ,39.77 ,69.44 ,1.66 ,28,42.32,20,37.21,,,,"2,761",,,
5554265,🐶阿狗師☕,TW.浪Live.二組,monica,3/1/2024,4/30/2027,"2,814,623","469,104",469104 ,97.55 ,"4,808.86 ",3.36 ,31,105.03,27,90.07,,,"469,104",,,,
5581815,🍚米粒島🎐,TW.浪Live.二組,PengZhenYuan,3/1/2024,2/28/2027,"6,518,988","1,086,498",1086498 ,58.69 ,"18,512.49 ",2.93 ,19,57.62,21,59.76,"1,086,498",,,,,,
5616904,季薇❤️螢光加油,TW.浪Live.二組,feng,2/1/2022,1/31/2027,"4,240,470","706,745",706745 ,35.03 ,"20,175.42 ",2.34 ,15,39.44,15,30.62,,"706,745",,,,,
5628651,✨子瑜✨,TW.浪Live.二組,monica,8/1/2025,7/31/2026,"7,682,133","1,280,356",1280356 ,41.53 ,"30,833.37 ",2.44 ,17,40.26,17,42.79,"1,280,356",,,,,,
5628738,星浪第六跪謝🌸林語菲,TW.浪Live.一組,FangJunQing,1/1/2023,12/31/2026,"8,141,900","1,356,983",1356983 ,35.42 ,"38,316.63 ",1.48 ,22,28.78,26,42.05,,"1,356,983",,,,,
5649205,🌟小群🚨,TW.浪Live.一組,ZhangDunShuo,5/1/2025,4/30/2027,"2,214,854","369,142",369142 ,68.11 ,"5,419.80 ",2.67 ,27,81.33,24,54.89,,,"369,142",,,現導生制學員,
5651856,🛶貝殼船長✨,TW.浪Live.二組,feng,3/1/2022,2/28/2027,"3,090,908","515,151",515151 ,47.95 ,"10,744.63 ",1.92 ,25,51.51,25,44.38,,,"515,151",,,現導生制學員,
5679109,🐶華萱🐾,華萱娛樂有限公司,ZhenHuiJing,4/1/2022,10/31/2027,"32,633,236","5,438,873",5438873 ,84.43 ,"64,422.54 ",4.12 ,24,125.84,17,43.01,,,,,"5,438,873",導師,
5687863,4週年🐇金莎🍦🌴,TW.浪Live.一組,ZhangDunShuo,4/1/2022,3/31/2027,"1,427,671","237,945",237945 ,65.29 ,"3,644.71 ",2.25 ,31,71.03,27,59.54,,,"237,945",,,,
5699754,🎂生日月🧸可馨🧸,TW.浪Live.一組,Sunny,5/1/2022,4/30/2027,"6,626,144","1,104,357",1104357 ,54.73 ,"20,180.12 ",2.23 ,26,60.67,23,48.78,"1,104,357",,,,,,
5751984,生日要過一個月🐠安德烈,燦瓓有限公司,XuYaHui,2/1/2025,1/31/2027,"53,547,703","8,924,617",8924617 ,112.28 ,"79,485.37 ",4.78 ,27,134.07,20,90.49,,,,,"8,924,617",導師,
5753052,🕺B桑🔒,TW.浪Live.一組,ZhangDunShuo,1/1/2026,12/31/2026,"210,321","105,161",35054 ,55.36 ,"1,899.58 ",2.09 ,28,54.32,25,56.4,,,"105,161",,,,
5770749,🎧小野麗子🤍中午開,TW.浪Live.二組,feng,7/1/2024,12/31/2026,"3,161,064","526,844",526844 ,33.52 ,"15,719.65 ",2.23 ,15,28.13,15,38.9,,,,"526,844",,,
5773778,👑林紗紗🦊,TW.浪Live.二組,feng,7/1/2022,6/30/2026,"6,836,260","1,139,377",1139377 ,31.82 ,"35,806.93 ",1.45 ,22,31.11,22,32.53,,"1,139,377",,,,,
5777962,💡空姐茵ㄦ🏷,TW.浪Live.二組,XuYaHui,2/1/2024,1/31/2027,"2,805,849","467,642",467642 ,51.99 ,"8,994.84 ",2.36 ,24,62.79,20,41.19,,,"467,642",,,,
5782710,小筱 🧜‍♀️,TW.浪Live.一組,FangJunQing,9/1/2025,8/31/2027,"1,281,666","213,611",213611 ,40.28 ,"5,303.15 ",1.83 ,25,44.24,19,36.32,,,"213,611",,,現導生制學員,
5813985,🍉小安,TW.浪Live.一組,neil,9/1/2022,8/31/2026,"3,754,568","625,761",625761 ,73.27 ,"8,541.07 ",2.99 ,30,94.08,19,52.45,"625,761",,,,,,
5851092,🖤子茉,TW.浪Live.一組,FangJunQing,8/1/2024,7/31/2026,"11,235,387","1,872,565",1872565 ,35.47 ,"52,800.35 ",2.22 ,15,27.96,17,42.97,,"1,872,565",,,,,
5851663,3月GO🐱ིྀ喵星娜娜,TW.浪Live.一組,neil,11/1/2024,10/31/2026,"957,882","159,647",159647 ,34.27 ,"4,659.19 ",1.85 ,15,27.66,22,40.87,,,,"159,647",,現導生制學員,
5863528,衝衝螢光🦥喬喬🦥,TW.浪Live.二組,monica,6/11/2023,6/30/2026,"2,484,088","414,015",414015 ,26.95 ,"15,362.33 ",2.45 ,0,0,22,53.9,,,,"414,015",,,
5892201,☁33🤍,TW.浪Live.二組,feng,10/5/2022,10/31/2026,"3,377,681","562,947",562947 ,50.25 ,"11,202.92 ",2.58 ,24,64,15,36.5,,,"562,947",,,,
5900453,NN🫸🏻💓🫷🏻,TW.浪Live.一組,ZhenHuiJing,8/9/2022,8/31/2027,"8,670,021","1,445,004",1445004 ,91.78 ,"15,745.07 ",3.67 ,25,98.55,25,85,"1,445,004",,,,,,
5902020,🌴‘賴🦦💭,TW.浪Live.一組,FangJunQing,8/11/2022,8/31/2026,"4,661,487","776,915",776915 ,47.59 ,"16,326.88 ",2.50 ,19,53.61,19,41.56,"776,915",,,,,,
5902482,凱🪿,TW.浪Live.二組,monica,8/13/2022,8/31/2026,"4,215,819","702,637",702637 ,31.58 ,"22,252.94 ",1.58 ,19,28.65,21,34.5,,"702,637",,,,,
5904280,佳鈺戶曉🎤,TW.浪Live.一組,Mason,7/1/2023,6/30/2027,"1,552,086","258,681",258681 ,34.66 ,"7,463.39 ",1.69 ,23,38.11,18,31.21,,,,"258,681",,,
5915507,🌹釀兒🍯,TW.浪Live.一組,ZhenHuiJing,11/1/2022,10/31/2026,"1,189,688","198,281",198281 ,83.16 ,"2,384.48 ",3.02 ,29,96,26,70.31,,,"198,281",,,,
5920180,🚈〽布穀𖠈,TW.浪Live.二組,monica,4/1/2023,3/31/2027,"3,638,077","606,346",606346 ,51.36 ,"11,805.81 ",1.87 ,30,53.69,25,49.03,"606,346",,,,,現導生制學員,
5928567,天娜⚡,TW.浪Live.一組,neil,10/1/2022,1/31/2027,"1,025,997","171,000",171000 ,38.76 ,"4,412.32 ",3.69 ,1,1.33,20,76.18,,,,"171,000",,,
5931807,六月新秀🍒🩵晴子,TW.浪Live.二組,XuYaHui,9/9/2025,9/30/2026,"3,759,607","626,601",626601 ,39.49 ,"15,867.34 ",1.58 ,25,36.7,25,42.28,,"626,601",,,,,
5960230,🦷巧ㄦ✨,TW.浪Live.一組,neil,12/1/2022,11/30/2026,"9,136,425","1,522,738",1522738 ,92.05 ,"16,543.40 ",3.12 ,31,98.63,28,85.46,"1,522,738",,,,,,
5975637,✨錚錚魷魚絲🏕,TW.浪Live.一組,ZhangDunShuo,8/1/2025,1/31/2027,"7,504,690","1,250,782",1250782 ,40.31 ,"31,029.07 ",1.55 ,26,39.16,26,41.46,"1,250,782",,,,,,
5989386,段星靈✨納咪💜,TW.浪Live.一組,neil,2/1/2026,1/31/2027,"3,588,559","598,093",598093 ,52.81 ,"11,326.45 ",2.71 ,19,58.38,20,47.23,,,"598,093",,續約主播,,
5990231,❄唯恩ⁿ,TW.浪Live.一組,Mason,2/1/2023,1/31/2027,"2,857,032","476,172",476172 ,45.76 ,"10,405.86 ",1.95 ,25,58,22,33.52,,,"476,172",,,,
6005224,㊡星浪超感謝💛菜,TW.浪Live.一組,FangJunQing,2/6/2023,2/28/2027,"11,170,433","1,861,739",1861739 ,91.97 ,"20,242.89 ",3.34 ,31,92.61,24,91.33,"1,861,739",,,,,,
6012043,趙安淇❤️‍🔥㍮LH,TW.浪Live.二組,monica,6/1/2025,5/31/2027,"3,111,990","518,665",518665 ,44.26 ,"11,718.59 ",1.58 ,30,45.55,26,42.97,,,"518,665",,,,
6021345,㏾㍭⑮公演💙凱傑🎨,TW.浪Live.二組,XuYaHui,7/1/2023,6/30/2026,"5,918,223","986,371",986371 ,46.37 ,"21,274.03 ",1.57 ,31,50.5,28,42.23,"986,371",,,,,,
6046393,Dolly🐰🤍,TW.浪Live.二組,XuYaHui,10/6/2024,5/31/2027,"7,869,776","1,311,629",1311629 ,74.48 ,"17,611.67 ",4.38 ,18,86.75,16,62.2,"1,311,629",,,,,,
6065400,🧚‍♀T娜🥇收牡羊,TW.浪Live.二組,monica,2/1/2024,1/31/2027,"2,495,347","415,891",415891 ,47.57 ,"8,742.72 ",1.94 ,24,44.5,25,50.64,,,"415,891",,,,
6072122,26號23點公演の鈔鈔,TW.浪Live.一組,ZhenHuiJing,12/1/2025,11/30/2026,"2,833,717","944,572",472286 ,43.14 ,"21,898.05 ",2.40 ,16,43.7,20,42.57,"944,572",,,,,,
6078290,衝衝星光💘三上樂樂🤍,TW.浪Live.二組,feng,5/1/2025,4/30/2027,"10,941,174","1,823,529",1823529 ,43.00 ,"42,412.58 ",1.72 ,25,45,25,40.99,"1,823,529",,,,,,
6081781,🩵立威ღ,TW.浪Live.一組,ZhenHuiJing,11/11/2025,11/30/2026,"1,397,236","349,309",232873 ,100.31 ,"3,482.29 ",3.52 ,31,107.82,26,92.8,,,"349,309",,男,,
6084510,🧚‍♀尤妮🤍,TW.浪Live.二組,monica,6/1/2023,5/31/2027,"4,596,243","766,041",766041 ,36.77 ,"20,833.30 ",2.23 ,18,40.29,15,33.25,,"766,041",,,,,
6084637,💀鬼◡̈👻,TW.浪Live.二組,XuYaHui,5/1/2025,4/30/2027,"6,614,465","1,102,411",1102411 ,64.93 ,"16,978.45 ",2.50 ,26,75.72,26,54.14,"1,102,411",,,,,,
6094985,㏹㍭㊺LH🚕東東老司機,TW.浪Live.二組,PengZhenYuan,7/1/2024,6/30/2027,"3,580,861","596,810",596810 ,34.68 ,"17,211.54 ",1.78 ,17,31.48,22,37.87,,,,"596,810",,,
6100350,😛略略😛公演感謝🙏,TW.浪Live.二組,monica,6/1/2023,5/31/2027,"6,270,051","1,045,009",1045009 ,48.45 ,"21,568.80 ",2.02 ,22,41.54,26,55.36,"1,045,009",,,,,,
6106079,🥁約約🐈‍⬛,TW.浪Live.二組,XuYaHui,6/1/2023,5/31/2027,"9,821,665","1,636,944",1636944 ,68.23 ,"23,991.56 ",2.90 ,25,78.51,22,57.95,"1,636,944",,,,,,
6120523,病休😳Lin🔅,TW.浪Live.一組,FangJunQing,8/1/2023,7/31/2026,"2,987,008","497,835",497835 ,63.15 ,"7,883.99 ",2.30 ,29,71.26,26,55.03,,,"497,835",,,現導生制學員,
6121801,卡咪哩亞💍,TW.浪Live.一組,neil,3/1/2024,2/28/2027,"8,314,034","1,385,672",1385672 ,131.00 ,"10,577.65 ",4.44 ,31,131.28,28,130.72,"1,385,672",,,,,,
6134158,🍁葛瑞塔👶🏻,TW.浪Live.二組,XuYaHui,8/5/2024,8/31/2026,"1,354,949","225,825",225825 ,52.63 ,"4,291.21 ",1.95 ,26,44.92,28,60.33,,,"225,825",,,,
6150929,Bella貝拉,TW.浪Live.一組,neil,8/1/2023,7/31/2026,"2,738,205","456,368",456368 ,40.74 ,"11,201.95 ",1.99 ,23,46.22,18,35.26,,,"456,368",,,,
6158888,🤍ᴀɴɴɴ🧸,TW.浪Live.二組,monica,9/1/2023,8/31/2026,"11,405,481","1,900,914",1900914 ,42.95 ,"44,258.75 ",2.10 ,25,53.83,16,32.07,"1,900,914",,,,,,
6160994,螢光差一點🫧沐沐🍨,TW.浪Live.二組,monica,10/1/2025,9/30/2026,"3,885,100","777,020",647517 ,127.39 ,"6,099.54 ",5.00 ,26,132.77,25,122.01,"777,020",,,,,現導生制學員,
6168928,感謝大疼愛🎀芙麗🐻,TW.浪Live.二組,monica,9/4/2023,9/30/2026,"8,393,533","1,398,922",1398922 ,65.70 ,"21,292.57 ",2.58 ,28,77.35,23,54.05,"1,398,922",,,,,,
6185593,絕不捕魚🐈‍⬛品蓁,TW.浪Live.一組,FangJunQing,5/1/2025,4/30/2027,"861,772","143,629",143629 ,68.56 ,"2,094.93 ",2.54 ,28,69.4,26,67.72,,,"143,629",,,,
6203923,🦦！允熙～⛽️,TW.浪Live.一組,ZhenHuiJing,11/1/2023,10/31/2026,"4,769,928","794,988",794988 ,94.09 ,"8,449.68 ",3.19 ,31,101.26,28,86.91,"794,988",,,,,現導生制學員,
6209144,🪐高星鈊✨,TW.浪Live.二組,monica,8/1/2025,7/31/2026,"2,804,516","467,419",467419 ,171.49 ,"2,725.72 ",5.91 ,31,188.64,27,154.33,,,"467,419",,,,
6222783,❤️感謝陪糖到這一站🍭,TW.浪Live.二組,monica,12/1/2023,11/30/2026,"4,236,627","706,105",706105 ,81.23 ,"8,692.66 ",3.01 ,30,99.65,24,62.81,"706,105",,,,,,
6231632,衝衝業績🎸渟渟,TW.浪Live.二組,monica,12/1/2023,11/30/2026,"1,815,405","302,568",302568 ,141.22 ,"2,142.53 ",4.79 ,31,144.17,28,138.27,,,"302,568",,,,
6237785,聲樂豎琴💋云芭比,TW.浪Live.一組,FangJunQing,1/1/2024,12/31/2026,"149,762","24,960",24960 ,36.60 ,681.98 ,1.66 ,23,38.05,21,35.15,,,,"24,960",,,
6245064,Nicole詹小妮💛,TW.浪Live.一組,FangJunQing,1/8/2026,1/31/2027,"1,954,340","977,170",325723 ,44.01 ,"22,205.89 ",2.32 ,18,45.39,20,42.62,"977,170",,,,,,
6327550,塔塔💕💕Rita❤️,TW.浪Live.二組,monica,8/1/2025,7/31/2026,"3,581,159","596,860",596860 ,83.92 ,"7,112.67 ",3.05 ,29,91.72,26,76.11,,,"596,860",,,現導生制學員,
6328366,🦭,TW.浪Live.二組,PengZhenYuan,2/2/2024,2/28/2026,"623,223","103,871",103871 ,36.30 ,"2,861.84 ",1.86 ,20,36.24,19,36.35,,,,"103,871",,,
6400592,貓系主播🍭KIKI,TW.浪Live.一組,neil,6/1/2025,5/31/2027,"7,442,956","1,240,493",1240493 ,80.10 ,"15,487.77 ",3.56 ,24,96.49,21,63.7,"1,240,493",,,,,,
6424092,🪶暐翔🪶,TW.浪Live.一組,ZhangDunShuo,5/1/2024,4/30/2027,"6,920,260","1,153,377",1153377 ,30.90 ,"37,326.11 ",1.14 ,28,31.69,26,30.11,,"1,153,377",,,,,
6447076,🎤磊磊🪨求幫新浪🥺,TW.浪Live.一組,ZhangDunShuo,2/1/2026,1/31/2027,"103,311","103,311",17219 ,19.10 ,"5,408.95 ",1.53 ,0,0,25,38.2,,,,"103,311",,,
6466002,彥彥🐻✨,TW.浪Live.二組,monica,1/1/2025,12/31/2027,"2,350,518","391,753",391753 ,34.52 ,"11,348.58 ",1.30 ,26,33.46,27,35.58,,,,"391,753",,,
6466958,🎧晨芯🎐,TW.浪Live.一組,FangJunQing,5/1/2024,4/30/2026,"7,686,422","1,281,070",1281070 ,44.61 ,"28,720.33 ",2.35 ,23,53.83,15,35.38,"1,281,070",,,,,,
6476915,新主播💖岱比Dabby,TW.浪Live.二組,monica,12/1/2025,11/30/2026,"356,619","118,873",59437 ,21.17 ,"5,616.49 ",1.21 ,10,11.86,25,30.47,,,,"118,873",,,
6509222,3月加油⚝伸伸⚝,TW.浪Live.二組,monica,7/1/2025,6/30/2026,"9,008,080","1,501,347",1501347 ,159.36 ,"9,421.10 ",5.40 ,31,164.18,28,154.54,"1,501,347",,,,,,
6526844,木蘭🎵,TW.浪Live.二組,XuYaHui,8/1/2024,7/31/2026,"22,373","3,729",3729 ,31.31 ,119.09 ,2.09 ,15,31.73,15,30.89,,,,"3,729",,,
6532626,星浪星光淚謝🏅宣甯🍋,TW.浪Live.二組,PengZhenYuan,8/1/2024,7/31/2026,"3,418,646","569,774",569774 ,43.45 ,"13,114.84 ",1.97 ,22,43.66,22,43.23,,,"569,774",,,現導生制學員,
6533665,☁️恩上優雅🪽,TW.浪Live.二組,monica,11/1/2024,10/31/2026,"5,891,212","981,869",981869 ,34.87 ,"28,162.02 ",1.55 ,25,38.77,20,30.96,,"981,869",,,,,
6539446,🐰敏敏💗,TW.浪Live.二組,XuYaHui,8/1/2024,5/31/2027,"3,804,686","634,114",634114 ,57.85 ,"10,962.30 ",2.31 ,25,51.12,25,64.57,"634,114",,,,,現導生制學員,
6551156,謝孟廷🌾三月加油,TW.浪Live.二組,monica,8/7/2024,11/30/2026,"1,085,919","180,987",180987 ,55.87 ,"3,239.71 ",2.23 ,25,39.44,25,72.29,,,"180,987",,,,
6555474,☀晴晴🎀,TW.浪Live.一組,FangJunQing,9/1/2024,8/31/2026,"11,268,317","1,878,053",1878053 ,77.96 ,"24,089.95 ",2.78 ,30,71.54,26,84.38,"1,878,053",,,,,,
6564735,⚡小雷✨,TW.浪Live.一組,ZhangDunShuo,9/1/2024,8/31/2027,"2,803,703","467,284",467284 ,49.82 ,"9,379.44 ",1.95 ,26,52.06,25,47.58,,,"467,284",,,現導生制學員,
6581481,✨Bobo🌙,TW.浪Live.一組,ZhangDunShuo,10/1/2024,9/30/2026,"6,219,634","1,036,606",1036606 ,47.72 ,"21,722.67 ",2.73 ,20,58.24,15,37.2,"1,036,606",,,,,現導生制學員,
6594937,✨晴兒🎨,TW.浪Live.二組,monica,12/1/2024,11/30/2026,"4,224,524","704,087",704087 ,39.71 ,"17,732.96 ",1.53 ,27,42.29,25,37.12,,"704,087",,,,,
6618026,衝衝螢光☃️Am,TW.浪Live.二組,XuYaHui,12/14/2025,12/31/2026,"1,949,690","779,876",324948 ,54.99 ,"14,183.43 ",2.00 ,29,50.73,26,59.24,"779,876",,,,,,
6652329,Li凱,TW.浪Live.一組,ZhenHuiJing,9/4/2025,9/30/2026,"344,268","57,378",57378 ,30.01 ,"1,912.28 ",1.18 ,26,28.61,25,31.4,,,,"57,378",,,
6668326,🩰花花🦀,TW.浪Live.二組,XuYaHui,12/5/2024,6/30/2027,"1,761,887","293,648",293648 ,42.00 ,"6,992.45 ",1.62 ,27,44.69,25,39.3,,,"293,648",,,,
6671573,Natalie筱涵,TW.浪Live.一組,ZhangDunShuo,1/1/2026,12/31/2026,"153,369","76,685",25562 ,33.32 ,"2,301.80 ",1.23 ,28,35.36,26,31.27,,,,"76,685",,,
6687479,🧁米寶ㄦᯓ★ˎˊ˗,TW.浪Live.二組,XuYaHui,12/1/2024,11/30/2026,"2,682,963","447,161",447161 ,95.09 ,"4,702.74 ",3.73 ,26,96.68,25,93.49,,,"447,161",,,,
6707852,李泥🌸每晚十點見面嗎✨,TW.浪Live.二組,monica,1/1/2025,12/31/2026,"4,877,181","812,864",812864 ,72.00 ,"11,289.77 ",2.72 ,28,85.54,25,58.46,"812,864",,,,,,
6707951,情緒價值一週年皓皓✨,TW.浪Live.二組,monica,3/1/2025,2/28/2027,"872,873","145,479",145479 ,42.02 ,"3,462.13 ",1.68 ,25,40.6,25,43.44,,,"145,479",,,,
6716584,星浪大感謝🥛奈寶寶🤍,TW.浪Live.一組,FangJunQing,2/1/2025,7/31/2027,"9,075,917","1,512,653",1512653 ,53.41 ,"28,321.53 ",1.98 ,27,48.54,27,58.28,"1,512,653",,,,,,
6719120,螢光加油☘梓玲🦦,TW.浪Live.一組,ZhenHuiJing,2/1/2025,1/31/2027,"2,038,423","339,737",339737 ,64.29 ,"5,284.86 ",2.57 ,25,60.85,25,67.72,,,"339,737",,,現導生制學員,
6728480,身體不適休🐯美叮美噹,TW.浪Live.一組,ZhenHuiJing,11/1/2025,10/31/2026,"3,897,545","974,386",649591 ,120.38 ,"8,094.25 ",4.46 ,28,128.18,26,112.58,"974,386",,,,,,
6730020,新主播🍒拉拉🎀,TW.浪Live.二組,monica,1/1/2026,12/31/2026,"1,854,031","927,016",309005 ,75.44 ,"12,288.12 ",3.08 ,27,64.68,22,86.2,"927,016",,,,,現導生制學員,
6739959,音樂製作人🦁酷波,TW.浪Live.二組,monica,5/1/2025,4/30/2026,"30,695","5,116",5116 ,30.48 ,167.87 ,1.97 ,16,30.25,15,30.7,,,,"5,116",,,
6766110,💜桑泥泥🫧,TW.浪Live.一組,ZhangDunShuo,4/1/2025,3/31/2027,"6,680,473","1,113,412",1113412 ,37.03 ,"30,071.90 ",1.90 ,22,39.85,17,34.2,,"1,113,412",,,,,
6768904,Nini💕全網腿最長,TW.浪Live.二組,monica,4/1/2025,3/31/2026,"17,554","2,926",2926 ,30.19 ,96.91 ,1.83 ,17,30.22,16,30.16,,,,"2,926",,,
6771474,🤯嗨森🧋,TW.浪Live.二組,monica,5/1/2025,4/30/2026,"1,860,595","310,099",310099 ,30.56 ,"10,148.88 ",1.22 ,25,30.78,25,30.33,,,,"310,099",,,
6774148,Elly🍁美有醉,TW.浪Live.一組,ZhangDunShuo,5/1/2025,4/30/2027,"2,113,448","352,241",352241 ,38.22 ,"9,217.36 ",1.56 ,24,36,25,40.43,,,,"352,241",,現導生制學員,
6778262,彈撥小魚🫧🐟,TW.浪Live.二組,monica,1/1/2026,12/31/2026,"215,737","107,869",35956 ,33.20 ,"3,249.54 ",1.51 ,25,35.47,19,30.92,,,,"107,869",,現導生制學員,
6779544,舞蹈新主播🦊戴萌,TW.浪Live.二組,feng,5/1/2025,4/30/2026,"112,585","18,764",18764 ,31.99 ,586.66 ,2.13 ,15,31.21,15,32.76,,,,"18,764",,,
6787864,今休🌙月燦燦✨,TW.浪Live.二組,monica,8/1/2025,7/31/2026,"2,336,843","389,474",389474 ,128.15 ,"3,039.20 ",4.50 ,30,154,27,102.3,,,"389,474",,,現導生制學員,
6787936,🧸七依❣,TW.浪Live.二組,feng,5/1/2025,4/30/2026,"917,470","152,912",152912 ,37.14 ,"4,117.17 ",1.55 ,27,43.46,21,30.82,,,,"152,912",,,
6792227,陳柏廷,TW.浪Live.二組,feng,6/1/2025,5/31/2026,"6,069,775","1,011,629",1011629 ,40.75 ,"24,828.30 ",2.47 ,16,41.4,17,40.09,"1,011,629",,,,,,
6794512,療癒系主播🎸鱔魚🐟,TW.浪Live.二組,monica,7/1/2025,6/30/2026,"37,061","6,177",6177 ,32.18 ,191.98 ,2.01 ,17,32.95,15,31.4,,,,"6,177",,,
6798721,22:00✨涓涓,TW.浪Live.一組,FangJunQing,7/1/2025,6/30/2027,"6,922,903","1,153,817",1153817 ,59.64 ,"19,346.36 ",2.34 ,26,54.97,25,64.31,"1,153,817",,,,,現導生制學員,
6799038,下午五點🤍薇安🧸,TW.浪Live.二組,XuYaHui,6/1/2025,5/31/2027,"5,877,041","979,507",979507 ,32.93 ,"29,749.64 ",2.12 ,15,33.17,16,32.68,,"979,507",,,,,
6801292,收星浪🍒陳QQ💫,TW.浪Live.一組,FangJunQing,6/1/2025,5/31/2027,"8,478,497","1,413,083",1413083 ,49.35 ,"28,633.90 ",1.90 ,26,48.56,26,50.14,"1,413,083",,,,,,
6813224,求星光的莓C✨莓日C💫,TW.浪Live.二組,feng,8/1/2025,7/31/2026,"8,655,106","1,442,518",1442518 ,87.52 ,"16,483.09 ",3.57 ,25,84.27,24,90.76,"1,442,518",,,,,,
6815047,彈琴主播🎹香濃🍫,TW.浪Live.二組,monica,6/1/2025,5/31/2027,"868,203","144,701",144701 ,57.57 ,"2,513.69 ",1.95 ,31,65.48,28,49.65,,,"144,701",,,現導生制學員,
6819989,4月新秀💜璇璇🍞,TW.浪Live.二組,monica,7/1/2025,6/30/2026,"4,133,439","688,907",688907 ,72.56 ,"9,494.30 ",2.46 ,31,85.14,28,59.98,"688,907",,,,,現導生制學員,
6823575,周寶🍍陪陪我,TW.浪Live.一組,neil,6/11/2025,6/30/2026,"3,216,482","536,080",536080 ,51.07 ,"10,496.97 ",2.00 ,26,62.85,25,39.29,,,"536,080",,,現導生制學員,
6824395,🍋阿西西🍃,TW.浪Live.一組,ZhenHuiJing,7/1/2025,6/30/2026,"6,092,191","1,015,365",1015365 ,60.45 ,"16,796.78 ",2.88 ,26,80.48,16,40.42,"1,015,365",,,,,現導生制學員,
6830917,🫧小狐璃ෆ🦊,TW.浪Live.二組,XuYaHui,7/1/2025,6/30/2026,"853,957","142,326",142326 ,36.18 ,"3,933.84 ",2.41 ,15,36.66,15,35.7,,,,"142,326",,現導生制學員,
6835269,💜鹹鹹♒3月很忙,TW.浪Live.一組,FangJunQing,7/1/2025,6/30/2027,"3,618,764","603,127",603127 ,41.66 ,"14,479.11 ",1.63 ,25,40.03,26,43.28,"603,127",,,,,現導生制學員,
6837722,四月新秀🎫貝殼🐚✈️,TW.浪Live.一組,neil,7/1/2025,6/30/2027,"2,234,019","372,337",372337 ,37.62 ,"9,897.30 ",1.88 ,15,32.22,25,43.02,,,,"372,337",,現導生制學員,
6838476,🫧螞蟻喬安🐜,TW.浪Live.二組,XuYaHui,8/1/2025,7/31/2026,"739,560","123,260",123260 ,30.72 ,"4,013.02 ",1.43 ,25,30.82,18,30.61,,,,"123,260",,現導生制學員,
6840326,新主播Yunnie,TW.浪Live.二組,PengZhenYuan,7/4/2025,7/31/2026,"151,392","25,232",25232 ,30.20 ,835.64 ,2.01 ,15,30.17,15,30.22,,,,"25,232",,現導生制學員,
6846603,郁倪包子🍭,TW.浪Live.二組,XuYaHui,11/2/2025,11/30/2026,"247,887","61,972",41315 ,41.02 ,"1,510.95 ",2.05 ,20,40.87,20,41.16,,,"61,972",,,現導生制學員,
6847481,🧿厭世少女小魚🌀,TW.浪Live.二組,monica,9/6/2025,9/30/2026,"569,225","94,871",94871 ,51.01 ,"1,859.85 ",2.08 ,24,60.06,25,41.96,,,"94,871",,,現導生制學員,
6861225,穿透系女聲🐼宇蕎,TW.浪Live.二組,XuYaHui,8/1/2025,7/31/2026,"4,321,314","720,219",720219 ,50.23 ,"14,338.42 ",2.01 ,25,47.47,25,52.99,"720,219",,,,,,
6861666,🌾王一糖🍭耐看型,TW.浪Live.二組,monica,8/1/2025,7/31/2026,"239,615","39,936",39936 ,31.54 ,"1,266.40 ",2.10 ,15,31.02,15,32.05,,,,"39,936",,,
6862987,✨沐歆🦋,TW.浪Live.二組,XuYaHui,2/1/2026,1/31/2027,"621,406","621,406",103568 ,18.96 ,"32,774.58 ",1.65 ,0,0,23,37.92,,"621,406",,,,,
6864015,奶熊🐻,TW.浪Live.一組,ZhangDunShuo,2/1/2026,1/31/2027,"660,730","660,730",110122 ,21.65 ,"30,525.76 ",2.28 ,0,0,19,43.29,,"660,730",,,,,
6869728,台灣女子🍒拜託誠徵家人,TW.浪Live.二組,monica,9/1/2025,8/31/2026,"724,277","120,713",120713 ,56.75 ,"2,127.10 ",1.99 ,30,73.25,27,40.25,,,"120,713",,,,
6872777,💫昕昕🌟幸運有你,TW.浪Live.一組,neil,9/1/2025,8/31/2026,"4,402,310","733,718",733718 ,51.99 ,"14,114.04 ",2.04 ,29,53.97,22,50,"733,718",,,,,現導生制學員,
6878234,生日月糖可🐱🍬,TW.浪Live.一組,ZhangDunShuo,9/1/2025,8/31/2026,"3,167,531","527,922",527922 ,37.33 ,"14,143.92 ",1.46 ,26,36.62,25,38.03,,,,"527,922",,現導生制學員,
6882562,❣卡卡西🦁,TW.浪Live.二組,monica,9/1/2025,8/31/2026,"7,090,875","1,181,813",1181813 ,55.43 ,"21,320.81 ",2.13 ,25,45.1,27,65.76,"1,181,813",,,,,,
6883849,筋開腰軟小米包,TW.浪Live.二組,XuYaHui,9/1/2025,8/31/2026,"97,621","16,270",16270 ,32.97 ,493.48 ,2.06 ,15,33.17,17,32.77,,,,"16,270",,,
6884923,🌞小淨🔊🔊,TW.浪Live.二組,monica,10/1/2025,9/30/2026,"824,039","164,808",137340 ,75.89 ,"2,171.81 ",2.86 ,28,99.95,25,51.82,,,"164,808",,,現導生制學員,
6885076,🍍小寶妹🍍,TW.浪Live.二組,PengZhenYuan,9/1/2025,8/31/2026,"9,317,923","1,552,987",1552987 ,117.39 ,"13,229.86 ",4.05 ,31,135.69,27,99.08,"1,552,987",,,,,現導生制學員,
6886317,新萌💕🍼子瑜昂昂,TW.浪Live.二組,monica,12/1/2025,11/30/2026,"429,070","143,023",71512 ,45.69 ,"3,130.30 ",2.77 ,17,45.88,16,45.5,,,"143,023",,,現導生制學員,
6887061,新主播‧₊˚.安安🕹️,TW.浪Live.二組,monica,2/1/2026,1/31/2027,"322,578","322,578",53763 ,24.86 ,"12,978.39 ",1.99 ,0,0,25,49.71,,,,"322,578",唱歌很強,現導生制學員,
6887703,努力衝衝⚜紗夜🎠,TW.浪Live.一組,neil,9/1/2025,8/31/2026,"1,137,150","189,525",189525 ,31.00 ,"6,114.70 ",1.24 ,25,31.23,25,30.76,,,,"189,525",,現導生制學員,
6888265,快畢業ㄌ🐰小Y🍿,TW.浪Live.二組,XuYaHui,9/9/2025,9/30/2026,"870,768","145,128",145128 ,48.53 ,"2,990.79 ",1.94 ,25,50.65,25,46.4,,,"145,128",,,,
6888489,一月新主播✨南糕,TW.浪Live.一組,ZhangDunShuo,1/1/2026,12/31/2026,"315,098","157,549",52516 ,42.29 ,"3,725.44 ",1.80 ,25,42.9,22,41.68,,,"157,549",,,,
6888866,三月休🍳青松,TW.浪Live.二組,XuYaHui,9/5/2025,9/30/2026,"1,043,263","173,877",173877 ,43.02 ,"4,041.78 ",1.87 ,26,54.33,20,31.71,,,"173,877",,,現導生制學員,
6897289,🦋水靈✨3月生日月🎂,TW.浪Live.一組,neil,10/1/2025,9/30/2026,"3,653,407","730,681",608901 ,49.99 ,"14,616.55 ",1.79 ,30,53.46,26,46.52,"730,681",,,,,,
6903115,本月求大咖❄冬天.°❆,TW.浪Live.一組,neil,1/1/2026,12/31/2026,"4,244,256","2,122,128",707376 ,89.90 ,"23,606.74 ",3.67 ,23,76.98,26,102.81,"2,122,128",,,,,,
6908098,㏻㍮㉚公演🌺森妮🌼,TW.浪Live.一組,ZhangDunShuo,10/1/2025,9/30/2026,"4,144,710","828,942",690785 ,68.62 ,"12,080.18 ",2.33 ,31,69.07,28,68.17,"828,942",,,,,現導生制學員,
6912294,🌟衝衝星光🌸薇妮,TW.浪Live.二組,XuYaHui,10/13/2025,10/31/2026,"4,710,653","1,177,663",785109 ,42.46 ,"27,739.09 ",1.66 ,26,47.18,25,37.73,"1,177,663",,,,,現導生制學員,
6915058,🩶咩咩大王🌟,TW.浪Live.一組,ZhenHuiJing,1/1/2026,12/31/2026,"3,509,441","1,754,721",584907 ,98.75 ,"17,770.22 ",3.95 ,29,102.05,21,95.44,"1,754,721",,,,,,
6923215,休3天🎤小D🐷,TW.浪Live.二組,monica,11/1/2025,10/31/2026,"667,239","166,810",111207 ,38.14 ,"4,373.62 ",1.50 ,26,39.04,25,37.24,,,,"166,810",,,
6924418,🐻能能能熊熊🐻💕,TW.浪Live.一組,FangJunQing,1/1/2026,12/31/2026,"3,027,285","504,548",504548 ,65.99 ,"7,645.82 ",2.59 ,26,72.01,25,59.97,,,"504,548",,續約主播,,
6924959,維妮,TW.浪Live.一組,ZhangDunShuo,12/1/2025,11/30/2026,"356,175","118,725",59363 ,33.07 ,"3,590.11 ",2.13 ,15,31.93,16,34.21,,,,"118,725",,,
6928493,秝玲🌱台南象棋卜卦,TW.浪Live.二組,monica,1/1/2026,6/30/2026,"46,157","23,079",7693 ,51.73 ,446.18 ,2.03 ,25,55.63,26,47.82,,,"23,079",,,,
6929342,YuYu🐰🍩,TW.浪Live.二組,XuYaHui,1/1/2026,12/31/2026,"857,329","428,665",142888 ,39.77 ,"10,779.94 ",2.15 ,15,35.31,22,44.22,,,,"428,665",,,
6932487,艾米🫟🎧,TW.浪Live.二組,feng,12/1/2025,11/30/2026,"13,408","4,469",2235 ,32.36 ,138.13 ,2.02 ,15,33.3,17,31.41,,,,"4,469",,,
6936272,7月新秀🍭QQ娜🦄,TW.浪Live.二組,XuYaHui,12/1/2025,11/30/2026,"1,829,317","609,772",304886 ,65.03 ,"9,376.79 ",2.55 ,25,61.29,26,68.77,"609,772",,,,,,
6937930,變帥找✨床豚🍊,TW.浪Live.一組,neil,12/1/2025,11/30/2026,"916,660","305,553",152777 ,46.87 ,"6,519.17 ",2.47 ,21,52.11,17,41.63,,,"305,553",,,現導生制學員,
6940932,💖12月新主播🍒小晴,TW.浪Live.一組,ZhenHuiJing,12/1/2025,11/30/2026,"1,146,847","382,282",191141 ,71.22 ,"5,368.00 ",2.74 ,27,75.34,25,67.09,,,"382,282",,,現導生制學員,
6940954,眾籌星光🙏🎹可可,TW.浪Live.一組,ZhenHuiJing,12/1/2025,11/30/2026,"3,413,216","1,137,739",568869 ,216.17 ,"5,263.17 ",7.45 ,31,226.31,27,206.03,"1,137,739",,,,,,
6941013,🐤🎀小妮,TW.浪Live.一組,ZhenHuiJing,12/1/2025,11/30/2026,"694,873","231,624",115812 ,35.38 ,"6,547.68 ",1.39 ,26,37.76,25,32.99,,,,"231,624",,現導生制學員,
6954160,綺綺🧡,TW.浪Live.二組,monica,1/1/2026,12/31/2026,"928,025","464,013",154671 ,62.15 ,"7,466.61 ",2.30 ,28,57.4,26,66.89,,,"464,013",,,現導生制學員,
6954366,今休播😻莓emo🍓,TW.浪Live.一組,neil,1/1/2026,12/31/2026,"353,395","176,698",58899 ,73.94 ,"2,389.74 ",2.79 ,27,76.01,26,71.87,,,"176,698",,,,"176,698"
6956902,24休🍖控肉,TW.浪Live.二組,monica,1/1/2026,12/31/2026,"205,249","102,625",34208 ,49.56 ,"2,070.92 ",2.11 ,28,65.51,19,33.6,,,"102,625",,,現導生制學員,
6960275,1月主播·安安❤️‍🔥,TW.浪Live.一組,FangJunQing,1/1/2026,12/31/2026,"46,994","23,497",7832 ,35.97 ,653.24 ,2.40 ,15,40.67,15,31.27,,,,"23,497",,,
6966515,新主播✨爹喜🎱,TW.浪Live.一組,neil,1/1/2026,12/31/2026,"2,836,171","1,418,086",472695 ,76.62 ,"18,508.03 ",3.74 ,24,79.09,17,74.15,"1,418,086",,,,,,
6968743,🐱敏恩💛,TW.浪Live.二組,PengZhenYuan,1/1/2026,12/31/2026,"591,300","295,650",98550 ,34.67 ,"8,528.78 ",1.98 ,19,39.09,16,30.24,,,,"295,650",,,
6975135,住院ing☁巧巧🍫,TW.浪Live.二組,XuYaHui,2/10/2026,2/28/2027,"215,552","215,552",35925 ,19.69 ,"10,950.06 ",2.62 ,0,0,15,39.37,,,,"215,552",,,
6981316,唱歌跳舞の💞雨柔💞🍭,TW.浪Live.二組,XuYaHui,2/1/2026,1/31/2027,"162,848","162,848",27141 ,25.39 ,"6,413.86 ",2.03 ,0,0,25,50.78,,,,"162,848",,,
6984523,謙謙老師🐳,TW.浪Live.二組,feng,2/1/2026,1/31/2027,"102,949","102,949",17158 ,22.80 ,"4,516.30 ",2.40 ,0,0,19,45.59,,,,"102,949",,,